,MSE,MAE,R2,RMSE
RandomForest,8.259027384999994,2.2480849999999992,0.9633404466827477,2.8738523596385384
LightGBM,6.491961341434694,2.0681803230383924,0.9711839673322664,2.5479327584209703
XGBoost,8.883215314800168,2.4410326857566833,0.9605698479638168,2.9804723308227787
