,RMSE,MAE,R2
LinearRegression,3.8029529696177287,3.0239659771060303,0.9358051524208842
RandomForest,3.1022966033247052,2.436905000000001,0.9572806242804278
XGBoost,3.1108311485466977,2.42618892621994,0.9570452554603243
LightGBM,2.749645313204376,2.082345237541562,0.9664407987737444
